kind,category,item,unit,qty_driver,budget_price,standard_price,upgrade_price,standard_product,standard_link,budget_product,budget_link,upgrade_product,upgrade_link,note
sku-classes,Roofing,Shingles,bundle,"roof sqft (living x 1.1) / 100 x 3, +1 sq waste",43.97,47.97,,Timberline HDZ Charcoal Algae Resistant Laminated High Definition Shingles (33.33 sq. ft. per Bundle),https://apionline.homedepot.com/p/GAF-Timberline-HDZ-Charcoal-Algae-Resistant-Laminated-High-Definition-Shingles-33-33-sq-ft-per-Bundle-0489180/309755006,Royal Sovereign Charcoal Algae Resistant 3-Tab Roofing Shingles (33.33 sq. ft. per. Bundle) (26-Pieces),https://apionline.homedepot.com/p/GAF-Royal-Sovereign-Charcoal-Algae-Resistant-3-Tab-Roofing-Shingles-33-33-sq-ft-per-Bundle-26-Pieces-0201180/100040028,,,Budget 3-tab only for rentals; retail exits standardize on architectural
sku-fixed,Roofing,Synthetic underlayment,roll,1 per 10 squares,,119.0,,FeltBuster 1000 sq. ft. Synthetic Roofing Underlayment Roll,https://apionline.homedepot.com/p/GAF-FeltBuster-1000-sq-ft-Synthetic-Roofing-Underlayment-Roll-0973/205035868,,,,,
sku-fixed,Roofing,Drip edge 10 ft,each,perimeter lf / 10,,8.48,,4-1/2 in. x 10 ft. Drip Edge Galv Green,https://apionline.homedepot.com/p/Union-Corrugating-4-1-2-in-x-10-ft-Drip-Edge-Galv-Green-ST-TS-1000-820/327203372,,,,,
sku-fixed,Roofing,Ridge cap,bundle,ridge lf / 25,,59.97,,Seal-A-Ridge Charcoal Hip and Ridge Cap Roofing Shingles (25 lin. ft. per Bundle),https://apionline.homedepot.com/p/GAF-Seal-A-Ridge-Charcoal-Hip-and-Ridge-Cap-Roofing-Shingles-25-lin-ft-per-Bundle-0850180/206593176,,,,,
sku-fixed,Roofing,OSB 7/16 sheathing,sheet,"rot allowance, 8-10 per reroof",,28.0,,15/32 in. x 4 ft. x 8 ft Sheathing Plywood ( Actual: 0.438 in. x 48 in. x 96 in.),https://apionline.homedepot.com/p/15-32-in-x-4-ft-x-8-ft-Sheathing-Plywood-Actual-0-438-in-x-48-in-x-96-in-20159/206827282,,,,,
sku-fixed,Roofing,Roofing nails (coil),box,1 per 15 squares,,49.98,,"1-1/4 in. x 0.120-Gauge 15° Smooth Shank Electrogalvanized Wire Collated Coil Roofing Nails 7,200 per Box",https://apionline.homedepot.com/p/Grip-Rite-1-1-4-in-x-0-120-Gauge-15-Smooth-Shank-Electrogalvanized-Wire-Collated-Coil-Roofing-Nails-7-200-per-Box-GRCR3DGAL/100394342,,,,,
sku-fixed,Roofing,Pipe boots,each,1 per plumbing stack,,20.98,,2 in. Lead Roof Boot No Caulk Vent Pipe Flashing,https://apionline.homedepot.com/p/Master-Flow-2-in-Lead-Roof-Boot-No-Caulk-Vent-Pipe-Flashing-LRF2/100324454,,,,,
sku-fixed,Structure and site,PT 2x8x12,each,sill/deck framing repair,,27.18,,2 in. x 8 in. x 16 ft. #2 Prime Ground Contact Pressure-Treated Southern Yellow Pine Lumber,https://apionline.homedepot.com/p/2-in-x-8-in-x-16-ft-2-Prime-Ground-Contact-Pressure-Treated-Southern-Yellow-Pine-Lumber-107523/206937454,,,,,
sku-fixed,Structure and site,PT 4x4x8 post,each,deck/porch posts,,19.38,,4 in. x 4 in. x 10 ft. #2 Pressure-Treated Ground Contact Southern Pine Wood Post,https://apionline.homedepot.com/p/4-in-x-4-in-x-10-ft-2-Pressure-Treated-Ground-Contact-Southern-Pine-Wood-Post-4220254/100025396,,,,,
sku-fixed,Structure and site,PT 5/4 deck board 12 ft,each,deck sqft / 5.5,,17.98,,ArmorGuard 1 in. x 6 in. x 8 ft. Coastal Gray Square Edge Capped Composite Deck Board,https://apionline.homedepot.com/p/Fiberon-ArmorGuard-1-in-x-6-in-x-8-ft-Coastal-Gray-Square-Edge-Capped-Composite-Deck-Board-BRDAG-CSTG-8/324794510,,,,,
sku-fixed,Structure and site,Type S mortar 80 lb,bag,parging/masonry repair,,9.86,,80 lb. Type S Mason Mix,https://apionline.homedepot.com/p/Quikrete-80-lb-Type-S-Mason-Mix-113680/100318510,,,,,
sku-fixed,Structure and site,Concrete mix 80 lb,bag,steps and pad repair,,5.61,,50 lbs. 5000 PSI Concrete Mix,https://apionline.homedepot.com/p/Quikrete-50-lbs-5000-PSI-Concrete-Mix-100750/311757092,,,,,
sku-fixed,Structure and site,20 mil vapor barrier (~300 sqft roll),roll,crawl sqft / 300,,189.9,,"10 Mil Plastic Sheeting, Heavy Duty 20 x 100 ft. Black Roll, Polyethylene Tarp for Crawl Space Vapor Barrier and Multi",https://apionline.homedepot.com/p/SVOPES-10-Mil-Plastic-Sheeting-Heavy-Duty-20-x-100-ft-Black-Roll-Polyethylene-Tarp-for-Crawl-Space-Vapor-Barrier-and-Multi-SLM20FT100FT86LRDV0-250206/334875621,,,,,
sku-fixed,Structure and site,Sump pump 1/3 hp,each,per wet crawl,,309.0,,1/2 HP Stainless Steel Dual Suction Submersible Sump Pump,https://apionline.homedepot.com/p/RIDGID-1-2-HP-Stainless-Steel-Dual-Suction-Submersible-Sump-Pump-500RSDS/308759150,,,,,
sku-fixed,Structure and site,Sump basin,each,per wet crawl,,129.0,,1/3 HP Plastic Pedestal Sump Pump,https://apionline.homedepot.com/p/Everbilt-1-3-HP-Plastic-Pedestal-Sump-Pump-SPL03303/308370050,,,,,
sku-fixed,Structure and site,Vapor barrier seam tape,roll,2 per crawl,,39.48,,ScotchBlue 1.88 in. x 60 yds. Original Multi-Surface Painter's Tape (6-Pack),https://apionline.homedepot.com/p/3M-ScotchBlue-1-88-in-x-60-yds-Original-Multi-Surface-Painter-s-Tape-6-Pack-2090-48TP6/100120991,,,,,
sku-graded,Windows and exterior doors,Vinyl single hung 36x60,each,~1 per 100 sqft living,154.0,259.0,329.0,"35.75 in. x 37.25 in. 70 Pro Series White Double Hung Low-E Argon Glass Vinyl Replacement Window, Screen Incl",https://apionline.homedepot.com/p/American-Craftsman-35-75-in-x-37-25-in-70-Pro-Series-White-Double-Hung-Low-E-Argon-Glass-Vinyl-Replacement-Window-Screen-Incl-3638786/204814579,"30.75 in. x 14.25 in. 70 Series Universal Hand White Vinyl Low-E Argon Sliding Basement Replacement Window, Screen Incl",https://apionline.homedepot.com/p/American-Craftsman-30-75-in-x-14-25-in-70-Series-Universal-Hand-White-Vinyl-Low-E-Argon-Sliding-Basement-Replacement-Window-Screen-Incl-70-SLIDER-BUCK/203157486,"37.75 in. x 56.75 in. 70 Series White Double Hung Low-E Argon Glass Vinyl Fin with J Window, Screen Incl",https://apionline.homedepot.com/p/American-Craftsman-37-75-in-x-56-75-in-70-Series-White-Double-Hung-Low-E-Argon-Glass-Vinyl-Fin-with-J-Window-Screen-Incl-3046730/203157331,
sku-graded,Windows and exterior doors,"Entry door, fiberglass prehung 36 in",each,1-2 per house,429.0,498.0,654.0,Reliant Fiberglass Customizable Front Door Collection,https://apionline.homedepot.com/p/Steves-Sons-Reliant-Fiberglass-Customizable-Front-Door-Collection-559236/313658926,32 in. x 80 in. 9 Lite Primed Fiberglass Prehung Entry Door with Brickmould,https://apionline.homedepot.com/p/JELD-WEN-32-in-x-80-in-9-Lite-Primed-Fiberglass-Prehung-Entry-Door-with-Brickmould-THDQC231100088/202036913,Clarkston 36 in. x 80 in. Left Hand Inswing Zinc 1/4 Lite Painted Black Fiberglass Prehung Front Door,https://apionline.homedepot.com/p/Feather-River-Doors-Clarkston-36-in-x-80-in-Left-Hand-Inswing-Zinc-1-4-Lite-Painted-Black-Fiberglass-Prehung-Front-Door-FHGBCN2K0T0/317223339,
sku-fixed,Windows and exterior doors,Entry lockset + deadbolt,each,per exterior door,,87.97,,Halifax Matte Black Entry Door Handle with Single Cylinder Deadbolt Combo Pack featuring SmartKey Security,https://apionline.homedepot.com/p/Kwikset-Halifax-Matte-Black-Entry-Door-Handle-with-Single-Cylinder-Deadbolt-Combo-Pack-featuring-SmartKey-Security-991HFLSQT514SMT/321253517,,,,,
sku-fixed,Windows and exterior doors,Sliding patio door 72 in,each,as-found,,798.0,,Composite Gliding Patio Door with Woodgrain Interior,https://apionline.homedepot.com/p/MasterPiece-72-in-x-80-in-Smooth-White-Left-Hand-Composite-Sliding-Patio-Door-G6068L00201/202339612,,,,,
sku-fixed,Windows and exterior doors,Garage door 16x7,each,as-found,,579.0,,Wall Mount Drive Ultra-Quiet Smart Garage Door Opener with Battery Backup and WiFi Connection,https://apionline.homedepot.com/p/Chamberlain-Wall-Mount-Drive-Ultra-Quiet-Smart-Garage-Door-Opener-with-Battery-Backup-and-WiFi-Connection-RJO101/325675581,,,,,
sku-fixed,Siding and exterior,Vinyl siding panel,each,~24 panels per square,,31.78,,Plywood Siding Plybead Panel (Nominal: 11/32 in. x 4 ft. x 8 ft. ; Actual: 0.313 in. x 48 in. x 96 in. ),https://apionline.homedepot.com/p/Ply-Bead-Plywood-Siding-Plybead-Panel-Nominal-11-32-in-x-4-ft-x-8-ft-Actual-0-313-in-x-48-in-x-96-in-538281/100080170,,,,,
sku-fixed,Siding and exterior,Vinyl soffit panel,each,eave lf / panel coverage,,19.98,,12.75 in x 0.5 in Rectangular Triple 4 in. Economy Solid Vinyl Soffit - Non-Ventilated,https://apionline.homedepot.com/p/Ply-Gem-12-75-in-x-0-5-in-Rectangular-Triple-4-in-Economy-Solid-Vinyl-Soffit-Non-Ventilated-EVS12N04H/202666272,,,,,
sku-fixed,Siding and exterior,Fascia 1x6x12 primed,each,eave lf / 12,,17.42,,1 in. x 6 in. x 10 ft. Premium Kiln-Dried Square Edge Whitewood Common Softwood Boards,https://apionline.homedepot.com/p/1-in-x-6-in-x-10-ft-Premium-Kiln-Dried-Square-Edge-Whitewood-Common-Softwood-Boards-914789/100085189,,,,,
sku-fixed,Siding and exterior,Aluminum gutter 10 ft,each,eave lf / 10,,32.98,,5 in. x 16 ft. White Aluminum K-Style Gutter,https://apionline.homedepot.com/p/Amerimax-Home-Products-5-in-x-16-ft-White-Aluminum-K-Style-Gutter-2600200192/100013979,,,,,"Sectional; seamless sub-out runs ~$8-10/lf installed, see Allowances"
sku-fixed,Siding and exterior,Aluminum downspout 10 ft,each,1 per corner,,13.62,,Stealth Flow 43 in. Black Vinyl Low Profile Downspout Extension Kit,https://apionline.homedepot.com/p/Amerimax-Home-Products-Stealth-Flow-43-in-Black-Vinyl-Low-Profile-Downspout-Extension-Kit-4601/303522071,,,,,
sku-graded,Siding and exterior,Exterior paint 5 gal,bucket,"1 per ~1,000 sqft wall",189.0,189.0,189.0,5 gal. Natural Cedar Exterior Wood Stain and Sealer,https://apionline.homedepot.com/p/Ready-Seal-5-gal-Natural-Cedar-Exterior-Wood-Stain-and-Sealer-370045/204372098,5 gal. Natural Cedar Exterior Wood Stain and Sealer,https://apionline.homedepot.com/p/Ready-Seal-5-gal-Natural-Cedar-Exterior-Wood-Stain-and-Sealer-370045/204372098,5 gal. Natural Cedar Exterior Wood Stain and Sealer,https://apionline.homedepot.com/p/Ready-Seal-5-gal-Natural-Cedar-Exterior-Wood-Stain-and-Sealer-370045/204372098,
sku-graded,Siding and exterior,Exterior wall lantern,each,per exterior door,48.97,64.97,89.97,Smart Black 12-Light 24 ft. Indoor/Outdoor Plug-in Integrated LED RGBW String Light with Party Mode Powered by Hubspace,https://apionline.homedepot.com/p/Hampton-Bay-Smart-Black-12-Light-24-ft-Indoor-Outdoor-Plug-in-Integrated-LED-RGBW-String-Light-with-Party-Mode-Powered-by-Hubspace-HB-1024SC-BK/327262856,Modern Frosted Black Porch Outdoor Wall Sconce 1-Light Classic Exterior Lantern with Mushroom Clear Seeded Glass Shade,https://apionline.homedepot.com/p/LNC-Modern-Frosted-Black-Porch-Outdoor-Wall-Sconce-1-Light-Classic-Exterior-Lantern-with-Mushroom-Clear-Seeded-Glass-Shade-VAFNYAHD13356V6/318082135,Rockwood 14.93 in. Black Modern Integrated LED Color Changing Outdoor Wall Light Sconce (1-Pack) Powered by Hubspace,https://apionline.homedepot.com/p/Home-Decorators-Collection-Rockwood-14-93-in-Black-Modern-Integrated-LED-Color-Changing-Outdoor-Wall-Light-Sconce-1-Pack-Powered-by-Hubspace-G19226/319390894,
sku-classes,Kitchen,Base cabinets 24 in,each,5-6 per 10x10 kitchen,239.0,239.0,258.0,Shaker 24 in. W x 24 in. D x 34.5 in. H Assembled Base Kitchen Cabinet in Satin White,https://apionline.homedepot.com/p/Hampton-Bay-Shaker-24-in-W-x-24-in-D-x-34-5-in-H-Assembled-Base-Kitchen-Cabinet-in-Satin-White-KB24-SSW/204610522,Shaker 24 in. W x 24 in. D x 34.5 in. H Assembled Base Kitchen Cabinet in Satin White,https://apionline.homedepot.com/p/Hampton-Bay-Shaker-24-in-W-x-24-in-D-x-34-5-in-H-Assembled-Base-Kitchen-Cabinet-in-Satin-White-KB24-SSW/204610522,Hampton 30 in. W x 24 in. D x 34.5 in. H Assembled Base Kitchen Cabinet in Satin White,https://apionline.homedepot.com/p/Hampton-Bay-Hampton-30-in-W-x-24-in-D-x-34-5-in-H-Assembled-Base-Kitchen-Cabinet-in-Satin-White-KB30-SW/100545475,"Budget unfinished, standard shaker, upgrade soft close"
sku-classes,Kitchen,Wall cabinets 30 in,each,4-6 per 10x10 kitchen,164.0,204.0,229.0,Hampton 24 in. W x 12 in. D x 30 in. H Assembled Wall Kitchen Cabinet in Satin White,https://apionline.homedepot.com/p/Hampton-Bay-Hampton-24-in-W-x-12-in-D-x-30-in-H-Assembled-Wall-Kitchen-Cabinet-in-Satin-White-KW2430-SW/202266746,Recessed Panel 36 in. W x 12 in. D x 36 in. H Assembled Wall Kitchen Cabinet in Unfinished,https://apionline.homedepot.com/p/Hampton-Bay-Recessed-Panel-36-in-W-x-12-in-D-x-36-in-H-Assembled-Wall-Kitchen-Cabinet-in-Unfinished-KW3636-UF/325134566,Shaker 30 in. W x 12 in. D x 30 in. H Assembled Wall Kitchen Cabinet in Satin White,https://apionline.homedepot.com/p/Hampton-Bay-Shaker-30-in-W-x-12-in-D-x-30-in-H-Assembled-Wall-Kitchen-Cabinet-in-Satin-White-KW3030-SSW/325127973,
sku-classes,Kitchen,Countertops,section,~2-3 sections (25-30 sqft) per kitchen,229.0,339.0,,6 ft. L x 39 in. D Unfinished Birch Solid Wood Butcher Block Countertop Island with Eased Edge,https://apionline.homedepot.com/p/HARDWOOD-REFLECTIONS-6-ft-L-x-39-in-D-Unfinished-Birch-Solid-Wood-Butcher-Block-Countertop-Island-with-Eased-Edge-BBCT1502574/300688695,6 ft. L x 25 in. D Unfinished Birch Solid Wood Butcher Block Countertop with Eased Edge,https://apionline.homedepot.com/p/HARDWOOD-REFLECTIONS-6-ft-L-x-25-in-D-Unfinished-Birch-Solid-Wood-Butcher-Block-Countertop-with-Eased-Edge-BBCT152574C/301812823,,,"Budget laminate postform, standard what HD stocks (butcher block/prefab) | Upgrade: Fabricated quartz, special-order quote ~$70/sf"
sku-fixed,Kitchen,Cabinet pulls (25 pack),pack,1 per kitchen,,26.97,,10-Pack Half Round Spoon Foot 3 in. (76 mm) Traditional Satin Nickel Cabinet Drawer Pulls,https://apionline.homedepot.com/p/Liberty-10-Pack-Half-Round-Spoon-Foot-3-in-76-mm-Traditional-Satin-Nickel-Cabinet-Drawer-Pulls-P39955L-SN-U1/203537038,,,,,
sku-fixed,Kitchen,Kitchen sink 33 in SS drop-in,each,1 per kitchen,,366.64,,Standart PRO 30 in. Undermount Single Bowl 16 Gauge Stainless Steel Kitchen Sink with Accessories,https://apionline.homedepot.com/p/KRAUS-Standart-PRO-30-in-Undermount-Single-Bowl-16-Gauge-Stainless-Steel-Kitchen-Sink-with-Accessories-KHU100-30/203058416,,,,,
sku-graded,Kitchen,"Kitchen faucet, pull down",each,1 per kitchen,169.0,230.35,269.0,Lenta Gold Single-Handle Pull-Down Sprayer Kitchen Faucet with ShieldSpray Technology in Champagne Bronze,https://apionline.homedepot.com/p/Delta-Lenta-Gold-Single-Handle-Pull-Down-Sprayer-Kitchen-Faucet-with-ShieldSpray-Technology-in-Champagne-Bronze-19802Z-CZ-DST/312604744,Adler Single-Handle Pull-Down Sprayer Kitchen Faucet with Power Clean and Reflex in Spot Resist Stainless,https://apionline.homedepot.com/p/MOEN-Adler-Single-Handle-Pull-Down-Sprayer-Kitchen-Faucet-with-Power-Clean-and-Reflex-in-Spot-Resist-Stainless-87233SRS/311445581,Nicoli Gold Champagne Bronze 17.06 in. H Pull Down Sprayer Kitchen Faucet with 360° Spout Swivel,https://apionline.homedepot.com/p/Delta-Nicoli-Gold-Champagne-Bronze-17-06-in-H-Pull-Down-Sprayer-Kitchen-Faucet-with-360-Spout-Swivel-19867LF-CZ/332897449,
sku-graded,Kitchen,Electric range,each,1 per kitchen,679.0,699.0,899.0,30 in. 6.3 cu. ft. Electric Single Smart Oven Range with Air Fry Fan Convection and EasyClean in Stainless Steel,https://apionline.homedepot.com/p/LG-30-in-6-3-cu-ft-Electric-Single-Smart-Oven-Range-with-Air-Fry-Fan-Convection-and-EasyClean-in-Stainless-Steel-LREN6321YE/340300391,30 in. 4 Burner Element Free-Standing Electric Range in Stainless Steel w/Stainless Knobs,https://apionline.homedepot.com/p/GE-30-in-4-Burner-Element-Free-Standing-Electric-Range-in-Stainless-Steel-w-Stainless-Knobs-GRF40HSVSS/329011820,30 in. 6.3 cu. ft. Smart Wi-Fi Enabled Fan Convection Electric Range Oven with AirFry and EasyClean in Stainless Steel,https://apionline.homedepot.com/p/LG-30-in-6-3-cu-ft-Smart-Wi-Fi-Enabled-Fan-Convection-Electric-Range-Oven-with-AirFry-and-EasyClean-in-Stainless-Steel-LREN6323YE/334408444,Verify gas vs electric before ordering
sku-graded,Kitchen,Over-the-range microwave,each,1 per kitchen,249.0,287.0,399.0,1.9 cu. ft. Over-the-Range Microwave in Stainless Steel with Sensor Cooking,https://apionline.homedepot.com/p/GE-1-9-cu-ft-Over-the-Range-Microwave-in-Stainless-Steel-with-Sensor-Cooking-JVM7195SKSS/207025745,30 in. 1.7 cu. ft. 1000 W Fingerprint Resistant Stainless Steel Over-the-Range Microwave,https://apionline.homedepot.com/p/Samsung-30-in-1-7-cu-ft-1000-W-Fingerprint-Resistant-Stainless-Steel-Over-the-Range-Microwave-ME17R7021ES/312751901,Gallery 1.9 cu. ft. Over the Range Microwave in Smudge-Proof Stainless Steel with Sensor Cooking Technology,https://apionline.homedepot.com/p/Frigidaire-Gallery-1-9-cu-ft-Over-the-Range-Microwave-in-Smudge-Proof-Stainless-Steel-with-Sensor-Cooking-Technology-GMOS1962AF/322477687,
sku-graded,Kitchen,Range hood 30 in,each,where no OTR micro fits,149.99,199.0,251.99,"36 in. 560 CFM Ductless Convertible Wall Mount Range Hood in Stainless Steel with LED Lighting, Filter and Touch Control",https://apionline.homedepot.com/p/VIKIO-36-in-560-CFM-Ductless-Convertible-Wall-Mount-Range-Hood-in-Stainless-Steel-with-LED-Lighting-Filter-and-Touch-Control-RHWM01-36/329658571,"30 in. 217 CFM Convertible Kitchen Wall Mount Range Hood in Stainless Steel with Push Control, LEDs and Carbon Filters",https://apionline.homedepot.com/p/Golden-Vantage-30-in-217-CFM-Convertible-Kitchen-Wall-Mount-Range-Hood-in-Stainless-Steel-with-Push-Control-LEDs-and-Carbon-Filters-RH0472/307566025,"30 in. Vista Collection 380 CFM Ducted Wall Mount Range Hood, Touch Controls, LED Lights, Stainless Steel",https://apionline.homedepot.com/p/Cosmo-30-in-Vista-Collection-380-CFM-Ducted-Wall-Mount-Range-Hood-Touch-Controls-LED-Lights-Stainless-Steel-COS-63175S/207084058,
sku-graded,Kitchen,Dishwasher,each,1 per kitchen (verify hookup),429.0,579.0,699.0,24 in. Built-In Tall Tub Smart 46 dBA Dishwasher in Stainless Steel with StormWash and AutoRelease Door,https://apionline.homedepot.com/p/Samsung-24-in-Built-In-Tall-Tub-Smart-46-dBA-Dishwasher-in-Stainless-Steel-with-StormWash-and-AutoRelease-Door-DW80CG5450SR/325532102,24 in. Front Built-In Tall Tub 57 dBA Dishwasher in Stainless Steel with 4 -Cycles,https://apionline.homedepot.com/p/Whirlpool-24-in-Front-Built-In-Tall-Tub-57-dBA-Dishwasher-in-Stainless-Steel-with-4-Cycles-WDF341PAPM/326522572,"24 in. Top Control Standard 46 dBA Dishwasher with QuadWash, 3rd Rack, Blastzone Bottle Wash in Stainless Steel",https://apionline.homedepot.com/p/LG-24-in-Top-Control-Standard-46-dBA-Dishwasher-with-QuadWash-3rd-Rack-Blastzone-Bottle-Wash-in-Stainless-Steel-LDNPQ44HS/336977312,
sku-graded,Kitchen,Refrigerator,each,1 per kitchen,799.0,1399.0,1899.0,30 in. W 22 cu. ft. 3-Door French Door Refrigerator with Ice Maker in Stainless Steel,https://apionline.homedepot.com/p/LG-30-in-W-22-cu-ft-3-Door-French-Door-Refrigerator-with-Ice-Maker-in-Stainless-Steel-LFCS22520S/206452443,30 in. 18.4 cu. ft. Standard-Depth French Door Bottom Freezer Refrigerator in Fingerprint Resistant Stainless Steel Look,https://apionline.homedepot.com/p/Vissani-30-in-18-4-cu-ft-Standard-Depth-French-Door-Bottom-Freezer-Refrigerator-in-Fingerprint-Resistant-Stainless-Steel-Look-MDFDBM18SS6/340543540,36 in. 28 cu. ft. 3-Door French Door Refrigerator w/ Ice and Water Dispenser and Craft Ice in PrintProof Stainless Steel,https://apionline.homedepot.com/p/LG-36-in-28-cu-ft-3-Door-French-Door-Refrigerator-w-Ice-and-Water-Dispenser-and-Craft-Ice-in-PrintProof-Stainless-Steel-LHFS28XBS/325158253,
sku-graded,Kitchen,"Backsplash, subway tile",sqft,~30-40 sqft per kitchen,2.29,2.66,3.58,Restore 3 in. x 12 in. Ceramic Bright White Subway Tile (12 sq. ft. /Case),https://apionline.homedepot.com/p/Daltile-Restore-3-in-x-12-in-Ceramic-Bright-White-Subway-Tile-12-sq-ft-Case-RE15312HD1P2/302872669,Carrara White 12 in. x 24 in. Matte Porcelain Floor and Wall Tile (16 sq. ft. / case),https://apionline.homedepot.com/p/MSI-Carrara-White-12-in-x-24-in-Matte-Porcelain-Floor-and-Wall-Tile-16-sq-ft-case-NHDCARWHI1224/310005584,Marin Glossy Aloe Green (Light Green) 2.5 in. x 10 in. Ceramic Subway Wall Tile (5.09 sq. ft./Case),https://apionline.homedepot.com/p/Bedrosians-Marin-Glossy-Aloe-Green-Light-Green-2-5-in-x-10-in-Ceramic-Subway-Wall-Tile-5-09-sq-ft-Case-100003174/326361153,
sku-graded,Bathrooms,Alcove tub 60 in,each,per tub bath,339.0,369.0,619.0,Maui 60 in. x 30 in. Alcove Soaking Bathtub with Right Drain in White,https://apionline.homedepot.com/p/Bootz-Industries-Maui-60-in-x-30-in-Alcove-Soaking-Bathtub-with-Right-Drain-in-White-011-3340-00/303687456,Classic 500 60 in. x 32 in. Alcove Deep Soaking Bathtub with Left Drain in High Gloss White,https://apionline.homedepot.com/p/Delta-Classic-500-60-in-x-32-in-Alcove-Deep-Soaking-Bathtub-with-Left-Drain-in-High-Gloss-White-B23605-6032L-WH/321016477,NexTile 60 in. W x 30 in. D x 60 in. H Four-Piece Direct-to-Stud Composite Alcove Tub Surround in White,https://apionline.homedepot.com/p/Bootz-Industries-NexTile-60-in-W-x-30-in-D-x-60-in-H-Four-Piece-Direct-to-Stud-Composite-Alcove-Tub-Surround-in-White-Z041-5000/308105327,
sku-graded,Bathrooms,Tub wall surround,kit,per tub bath (standard),549.0,619.0,1187.99,NexTile 60 in. W x 30 in. D x 60 in. H Four-Piece Direct-to-Stud Composite Alcove Tub Surround in White,https://apionline.homedepot.com/p/Bootz-Industries-NexTile-60-in-W-x-30-in-D-x-60-in-H-Four-Piece-Direct-to-Stud-Composite-Alcove-Tub-Surround-in-White-Z041-5000/308105327,Classic 500 60 in. W x 73.25 in. H x 32 in. D 3-Piece Direct-to-Stud Alcove Shower Surrounds in High Gloss White,https://apionline.homedepot.com/p/Delta-Classic-500-60-in-W-x-73-25-in-H-x-32-in-D-3-Piece-Direct-to-Stud-Alcove-Shower-Surrounds-in-High-Gloss-White-B12205-6032-WH/321017407,"Aloha 60 in. x 30 in. Bathtub, NexTile 60 in. x 30 in. x 60 in. Surround and 56-60 in. Shower Door Combo",https://apionline.homedepot.com/p/sets/Bootz-Industries-Aloha-60-in-x-30-in-Bathtub-NexTile-60-in-x-30-in-x-60-in-Surround-and-56-60-in-Shower-Door-Combo/340209318,"Upgrade path is tiled walls, priced off the tile line"
sku-graded,Bathrooms,Shower kit 48 in,kit,per shower bath,918.32,1272.32,1318.31,"Aloha ShowerCast 60 in. x 32 in. Left Shower Pan, NexTile 60 in. x 32 in. Shower Wall and Chrome Shower Door Kit",https://apionline.homedepot.com/p/sets/Bootz-Industries-Aloha-ShowerCast-60-in-x-32-in-Left-Shower-Pan-NexTile-60-in-x-32-in-Shower-Wall-and-Chrome-Shower-Door-Kit/339931954,Aloha ShowerCast 60 in. L x 32 in. W Left Shower Pan Base and NexTile 60 in. W x 32 in. L x 74 in. H Shower Wall Kit,https://apionline.homedepot.com/p/sets/Bootz-Industries-Aloha-ShowerCast-60-in-L-x-32-in-W-Left-Shower-Pan-Base-and-NexTile-60-in-W-x-32-in-L-x-74-in-H-Shower-Wall-Kit/338679772,"Aloha ShowerCast 60 in. x 32 in. Left Shower Pan, NexTile 60 in. x 32 in. Shower Wall and Matte Black Shower Door Kit",https://apionline.homedepot.com/p/sets/Bootz-Industries-Aloha-ShowerCast-60-in-x-32-in-Left-Shower-Pan-NexTile-60-in-x-32-in-Shower-Wall-and-Matte-Black-Shower-Door-Kit/339286123,
sku-graded,Bathrooms,Sliding tub shower door,each,retail exits only,338.0,392.0,545.0,56 in. - 60 in. W x 74 in. H Double Sliding Frameless Shower Door in Matte Black with Nano-Coated Clear Tempered Glass,https://apionline.homedepot.com/p/Yuaris-56-in-60-in-W-x-74-in-H-Double-Sliding-Frameless-Shower-Door-in-Matte-Black-with-Nano-Coated-Clear-Tempered-Glass-HDSD02BL6074/336028269,56 in. - 60 in. W x 72 in. H Sliding Framed Shower Door in Matte Black with Clear Glass,https://apionline.homedepot.com/p/TOOLKISS-56-in-60-in-W-x-72-in-H-Sliding-Framed-Shower-Door-in-Matte-Black-with-Clear-Glass-TK19118MB/318474663,Essence 56 in. to 60 in. W x 76 in. H Sliding Frameless Shower Door in Matte Black with Clear Glass,https://apionline.homedepot.com/p/DreamLine-Essence-56-in-to-60-in-W-x-76-in-H-Sliding-Frameless-Shower-Door-in-Matte-Black-with-Clear-Glass-SHDR-6360760-09/316239133,
sku-graded,Bathrooms,Vanity 24 in with top,each,small/secondary bath,259.0,439.0,699.0,Doveton 30 in. Single Sink Freestanding White Bath Vanity with White Engineered Marble Top (Assembled),https://apionline.homedepot.com/p/Home-Decorators-Collection-Doveton-30-in-Single-Sink-Freestanding-White-Bath-Vanity-with-White-Engineered-Marble-Top-Assembled-Doveton-30W/320686810,37 in. Single Sink White Bath Vanity with Cultured Marble Top (Assembled),https://apionline.homedepot.com/p/Glacier-Bay-37-in-Single-Sink-White-Bath-Vanity-with-Cultured-Marble-Top-Assembled-GB36P2-WH/204065976,Doveton 48 in. Single Sink Freestanding White Bath Vanity with White Engineered Marble Top (Assembled),https://apionline.homedepot.com/p/Home-Decorators-Collection-Doveton-48-in-Single-Sink-Freestanding-White-Bath-Vanity-with-White-Engineered-Marble-Top-Assembled-Doveton-48W/324252772,
sku-graded,Bathrooms,Vanity 36 in with top,each,primary bath,439.0,779.0,899.0,Collette 30 in. Single Sink Freestanding Bathroom Vanity in Cinnamon Oak with White Carrara Marble Top (Assembled),https://apionline.homedepot.com/p/Home-Decorators-Collection-Collette-30-in-Single-Sink-Freestanding-Bathroom-Vanity-in-Cinnamon-Oak-with-White-Carrara-Marble-Top-Assembled-23016-VS30-CO/327191833,Doveton 30 in. Single Sink Freestanding White Bath Vanity with White Engineered Marble Top (Assembled),https://apionline.homedepot.com/p/Home-Decorators-Collection-Doveton-30-in-Single-Sink-Freestanding-White-Bath-Vanity-with-White-Engineered-Marble-Top-Assembled-Doveton-30W/320686810,Doveton 60 in. Double Sink Freestanding White Bath Vanity with White Engineered Marble Top (Assembled),https://apionline.homedepot.com/p/Home-Decorators-Collection-Doveton-60-in-Double-Sink-Freestanding-White-Bath-Vanity-with-White-Engineered-Marble-Top-Assembled-Doveton-60W/321491137,
sku-graded,Bathrooms,Vanity 48 in with top,each,large primary bath,679.0,899.0,899.0,Doveton 60 in. Double Sink Freestanding White Bath Vanity with White Engineered Marble Top (Assembled),https://apionline.homedepot.com/p/Home-Decorators-Collection-Doveton-60-in-Double-Sink-Freestanding-White-Bath-Vanity-with-White-Engineered-Marble-Top-Assembled-Doveton-60W/321491137,Tobana 42 in. Single Sink Freestanding Weathered Tan Bath Vanity with White Engineered Marble Top (Assembled),https://apionline.homedepot.com/p/Glacier-Bay-Tobana-42-in-Single-Sink-Freestanding-Weathered-Tan-Bath-Vanity-with-White-Engineered-Marble-Top-Assembled-Tobana-42WT/319837774,Doveton 60 in. Double Sink Freestanding White Bath Vanity with White Engineered Marble Top (Assembled),https://apionline.homedepot.com/p/Home-Decorators-Collection-Doveton-60-in-Double-Sink-Freestanding-White-Bath-Vanity-with-White-Engineered-Marble-Top-Assembled-Doveton-60W/321491137,
sku-graded,Bathrooms,"Toilet, elongated 2 pc",each,per bath,189.0,199.0,279.0,Highline Arc 12 in. Rough In 2-Piece 1.28 GFP Single Flush Elongated Chair Height Toilet in White with Soft Close Seat,https://apionline.homedepot.com/p/KOHLER-Highline-Arc-12-in-Rough-In-2-Piece-1-28-GFP-Single-Flush-Elongated-Chair-Height-Toilet-in-White-with-Soft-Close-Seat-K-78279-0/307908571,Highline Arc 12 in. Rough In 2-Piece 1.28 GFP Single Flush Round Chair Height Toilet in White with Soft Close Seat,https://apionline.homedepot.com/p/KOHLER-Highline-Arc-12-in-Rough-In-2-Piece-1-28-GFP-Single-Flush-Round-Chair-Height-Toilet-in-White-with-Soft-Close-Seat-K-78253-0/307908573,Gleam 12 in. Rough In 2-Piece 1.28 GFP Single Flush Elongated Chair Height Toilet in White with Soft Close Seat,https://apionline.homedepot.com/p/KOHLER-Gleam-12-in-Rough-In-2-Piece-1-28-GFP-Single-Flush-Elongated-Chair-Height-Toilet-in-White-with-Soft-Close-Seat-K-31674-0/312838678,
sku-graded,Bathrooms,Bath sink faucet,each,per bath,99.0,139.0,199.0,Portwood 8 in. Widespread 2-Handle Bathroom Faucet in SpotShield Brushed Nickel,https://apionline.homedepot.com/p/Delta-Portwood-8-in-Widespread-2-Handle-Bathroom-Faucet-in-SpotShield-Brushed-Nickel-35770LF-SP/305436077,Rumson 4 in. Centerset 2-Handle Bathroom Faucet in Matte Black,https://apionline.homedepot.com/p/American-Standard-Rumson-4-in-Centerset-2-Handle-Bathroom-Faucet-in-Matte-Black-7417201-243/313360175,Genta 8 in. Widespread Double Handle Bathroom Faucet with Drain Kit Included in Matte Black (Valve Included),https://apionline.homedepot.com/p/MOEN-Genta-8-in-Widespread-Double-Handle-Bathroom-Faucet-with-Drain-Kit-Included-in-Matte-Black-Valve-Included-84763BL/304923138,
sku-graded,Bathrooms,Tub/shower valve and trim,each,per bath,159.0,202.08,287.65,Arvo In2ition 2-in-1 Rough Included Single-Handle 4-Spray Tub and Shower Faucet 1.75 GPM in Matte Black Valve Included,https://apionline.homedepot.com/p/Delta-Arvo-In2ition-2-in-1-Rough-Included-Single-Handle-4-Spray-Tub-and-Shower-Faucet-1-75-GPM-in-Matte-Black-Valve-Included-144840-BL-I/316417362,Banbury Single Handle 1-Spray Tub and Shower Faucet 1.75 GPM in Spot Resist Brushed Nickel (Valve Included),https://apionline.homedepot.com/p/MOEN-Banbury-Single-Handle-1-Spray-Tub-and-Shower-Faucet-1-75-GPM-in-Spot-Resist-Brushed-Nickel-Valve-Included-82910SRN/305476153,Genta Brushed Nickel Bathroom & Tub/Shower Faucet Combo (Valve Included),https://apionline.homedepot.com/p/sets/MOEN-Genta-Brushed-Nickel-Bathroom-Tub-Shower-Faucet-Combo-Valve-Included/340327281,
sku-graded,Bathrooms,Porcelain tile 12x24,sqft,~45 sqft per bath floor; +50-60 for tiled walls,1.84,2.04,2.77,Wind River Beige 6 in. x 24 in. Porcelain Floor and Wall Tile (14 sq. ft./case),https://apionline.homedepot.com/p/Florida-Tile-Home-Collection-Wind-River-Beige-6-in-x-24-in-Porcelain-Floor-and-Wall-Tile-14-sq-ft-case-CHDEWND016X24/304629803,Baker Wood 6 in. x 24 in. Walnut Glazed Porcelain Floor and Wall Tile (14.55 sq. ft./Case),https://apionline.homedepot.com/p/Daltile-Baker-Wood-6-in-x-24-in-Walnut-Glazed-Porcelain-Floor-and-Wall-Tile-14-55-sq-ft-Case-BK10624HD1PR/313050938,VitaElegante Ardesia 12 in. x 24 in. Porcelain Floor and Wall Tile (15.6 sq. ft. / case),https://apionline.homedepot.com/p/Marazzi-VitaElegante-Ardesia-12-in-x-24-in-Porcelain-Floor-and-Wall-Tile-15-6-sq-ft-case-ULRV1224HD1PR/205473912,
sku-graded,Bathrooms,Medicine cabinet / mirror,each,per bath,99.97,149.02,239.0,16 in. W x 20 in. H Single Door Recessed Medicine Cabinet with Mirror Interior,https://apionline.homedepot.com/p/KOHLER-16-in-W-x-20-in-H-Single-Door-Recessed-Medicine-Cabinet-with-Mirror-Interior-K-CB-CLR1620FS/100675408,"24-3/16 in. W x 24 in. H Framed Surface-Mount Tri-View Bathroom Medicine Cabinet with Mirror, White",https://apionline.homedepot.com/p/Glacier-Bay-24-3-16-in-W-x-24-in-H-Framed-Surface-Mount-Tri-View-Bathroom-Medicine-Cabinet-with-Mirror-White-33157/327338543,Embark 30 in. W x 26 in. H Rectangular Recessed/Surface Mount Medicine Cabinet with Mirror,https://apionline.homedepot.com/p/KOHLER-Embark-30-in-W-x-26-in-H-Rectangular-Recessed-Surface-Mount-Medicine-Cabinet-with-Mirror-R33289-NA/327679758,
sku-fixed,Bathrooms,Bath hardware set,set,per bath,,58.6,,Builders 3-Piece Bath Hardware Set with Towel Bar TP Holder Towel Ring in Brushed Nickel,https://apionline.homedepot.com/p/Glacier-Bay-Builders-3-Piece-Bath-Hardware-Set-with-Towel-Bar-TP-Holder-Towel-Ring-in-Brushed-Nickel-BTH-033-305/320172576,,,,,
sku-graded,Bathrooms,Exhaust fan,each,per bath,119.0,139.0,175.95,80 CFM Ceiling Bathroom Exhaust Fan with Light and 1300-Watt Heater,https://apionline.homedepot.com/p/Broan-NuTone-80-CFM-Ceiling-Bathroom-Exhaust-Fan-with-Light-and-1300-Watt-Heater-765H80L/307638062,Whisper Mighty LED Pick-A-Flow 70-90CFM Ceiling/Wall ENERGY STAR Bathroom Exhaust Fan 9.5 in. x 9.5 in. Grille Footprint,https://apionline.homedepot.com/p/Panasonic-Whisper-Mighty-LED-Pick-A-Flow-70-90CFM-Ceiling-Wall-ENERGY-STAR-Bathroom-Exhaust-Fan-9-5-in-x-9-5-in-Grille-Footprint-RG-M79LA/328748267,XactSense Humidity Sensor Switch (MS-HS3-WH) and Whisper Choice DC 80/110 CFM Bathroom Fan Combo,https://apionline.homedepot.com/p/sets/XactSense-Humidity-Sensor-Switch-MS-HS3-WH-and-Whisper-Choice-DC-80-110-CFM-Bathroom-Fan-Combo/338273462,
sku-graded,Flooring,LVP flooring,sqft,living sqft x 1.1,2.35,2.98,3.28,Dusk Cherry 22 MIL x 8.7 in. W x 48 in. L Click Lock Waterproof Luxury Vinyl Plank Flooring (20.1 sqft/case),https://apionline.homedepot.com/p/Lifeproof-Dusk-Cherry-22-MIL-x-8-7-in-W-x-48-in-L-Click-Lock-Waterproof-Luxury-Vinyl-Plank-Flooring-20-1-sqft-case-I06204LP/311573441,Lake Annette Oak 12 MIL x 7 in. W x 48 in. L Click Lock Waterproof Luxury Vinyl Plank Flooring (23.8 sq. ft. / case),https://apionline.homedepot.com/p/Home-Decorators-Collection-Lake-Annette-Oak-12-MIL-x-7-in-W-x-48-in-L-Click-Lock-Waterproof-Luxury-Vinyl-Plank-Flooring-23-8-sq-ft-case-VTRHDLAKANN7X48/307423382,Fresh Oak 22 MIL x 8.7 in. W x 48 in. L Click Lock Waterproof Luxury Vinyl Plank Flooring (20.1 sqft/case),https://apionline.homedepot.com/p/Lifeproof-Fresh-Oak-22-MIL-x-8-7-in-W-x-48-in-L-Click-Lock-Waterproof-Luxury-Vinyl-Plank-Flooring-20-1-sqft-case-I96711LP/309083453,House standard is LVP throughout; carpet only by exception (see Allowances)
sku-fixed,Walls and paint,Drywall 1/2 in 4x8,sheet,sqft x 3.4 / 32 for a full re-rock,,21.98,,1/2 in. x 4 ft. x 8 ft. Mold and Moisture-Resistant Gypsum Board,https://apionline.homedepot.com/p/ToughRock-1-2-in-x-4-ft-x-8-ft-Mold-and-Moisture-Resistant-Gypsum-Board-011932/100322690,,,,,
sku-fixed,Walls and paint,Joint compound 4.5 gal,box,1 per 10 sheets,,17.95,,25 lb. Durabond 90 Setting-Type Joint Compound,https://apionline.homedepot.com/p/USG-Sheetrock-Brand-25-lb-Durabond-90-Setting-Type-Joint-Compound-381630120/202329670,,,,,
sku-fixed,Walls and paint,Drywall tape,roll,1 per 17 sheets,,11.75,,FibaTape Standard White 1-7/8 in. x 300 ft. Self-Adhesive Mesh Drywall Joint Tape,https://apionline.homedepot.com/p/Saint-Gobain-ADFORS-FibaTape-Standard-White-1-7-8-in-x-300-ft-Self-Adhesive-Mesh-Drywall-Joint-Tape-FDW8665-U/100429159,,,,,
sku-fixed,Walls and paint,R-13 wall batt insulation,bag,open walls only,,62.27,,R-15 Faced Fiberglass Insulation Batt 15 in. x 93 in. (1 Bags),https://apionline.homedepot.com/p/Owens-Corning-R-15-Faced-Fiberglass-Insulation-Batt-15-in-x-93-in-1-Bags-ME21/100320346,,,,,
sku-fixed,Walls and paint,Blown-in attic insulation,bag,attic sqft / 60 (R-30 top-up),,27.97,,R- 13 Faced Fiberglass Insulation Roll 15 in. x 32 ft. (1 Roll),https://apionline.homedepot.com/p/Owens-Corning-R-13-Faced-Fiberglass-Insulation-Roll-15-in-x-32-ft-1-Roll-RF10/202585857,,,,,
sku-fixed,Walls and paint,Primer 5 gal,bucket,"1 per ~1,400 sqft new rock",,125.52,,KILZ 2 All Purpose 5 gal. Primer and 4.5 gal. All Purpose Ready-Mixed Joint Compound Combo (2-Piece),https://apionline.homedepot.com/p/sets/KILZ-2-All-Purpose-5-gal-Primer-and-4-5-gal-All-Purpose-Ready-Mixed-Joint-Compound-Combo-2-Piece/344211179,,,,,
sku-graded,Walls and paint,Interior paint 5 gal,bucket,"1 per ~350 sqft floor, 2 coats",130.0,165.0,218.0,"PREMIUM 5 Gal. White Interior/Exterior Primer, Heavy-Duty High Hide Sealer, and Stain Blocker",https://apionline.homedepot.com/p/KILZ-PREMIUM-5-Gal-White-Interior-Exterior-Primer-Heavy-Duty-High-Hide-Sealer-and-Stain-Blocker-13000/100371314,5 gal. Ultra Pure White Ceiling Flat Interior Paint & Primer,https://apionline.homedepot.com/p/BEHR-PREMIUM-PLUS-5-gal-Ultra-Pure-White-Ceiling-Flat-Interior-Paint-Primer-55805/100192072,"KILZ RESTORATION 5 gal. White Interior Primer, Sealer, and Stain Blocker",https://apionline.homedepot.com/p/KILZ-KILZ-RESTORATION-5-gal-White-Interior-Primer-Sealer-and-Stain-Blocker-L200205/203165640,
sku-graded,Doors and trim,"Prehung interior door, 6 panel",each,per opening,128.0,176.0,228.65,30 in. x 80 in 6 Panel Colonist Primed Right-Hand Textured Solid Core Molded Composite MDF Single Prehung Interior Door,https://apionline.homedepot.com/p/JELD-WEN-30-in-x-80-in-6-Panel-Colonist-Primed-Right-Hand-Textured-Solid-Core-Molded-Composite-MDF-Single-Prehung-Interior-Door-THDQC225400566/203497117,24 in. x 80 in. Solid Core White Wood Interior Closet Bi-fold Door,https://apionline.homedepot.com/p/Veranda-24-in-x-80-in-Solid-Core-White-Wood-Interior-Closet-Bi-fold-Door-3114996/205080369,30 in. x 80 in. x 1-3/8 in. Shaker White Primed 2-Panel Solid Core Wood Interior Slab Door,https://apionline.homedepot.com/p/eightdoors-30-in-x-80-in-x-1-3-8-in-Shaker-White-Primed-2-Panel-Solid-Core-Wood-Interior-Slab-Door-70288014803035SH/310969636,
sku-fixed,Doors and trim,Bifold closet door 30 in,each,per closet,,139.0,,30 in. x 80 in. Louver/Louver Solid Core White Painted Pine Wood Bifold Door with Hardware,https://apionline.homedepot.com/p/Veranda-30-in-x-80-in-Louver-Louver-Solid-Core-White-Painted-Pine-Wood-Bifold-Door-with-Hardware-3115003/205080545,,,,,
sku-graded,Doors and trim,Interior knob/lever,each,per door +2 spares,19.47,49.97,60.47,Brandywine Stainless Steel Bed/Bath Door Knob (6-Pack),https://apionline.homedepot.com/p/Defiant-Brandywine-Stainless-Steel-Bed-Bath-Door-Knob-6-Pack-32T8610BD6/302473173,Cove Satin Nickel Keyed Entry Door Knob featuring SmartKey Security and Microban Technology,https://apionline.homedepot.com/p/Kwikset-Cove-Satin-Nickel-Keyed-Entry-Door-Knob-featuring-SmartKey-Security-and-Microban-Technology-T400CV15SMTCPK6/317193530,Juno Satin Nickel Exterior Entry Door Knob and Single Cylinder Deadbolt Combo Pack Featuring SmartKey Security,https://apionline.homedepot.com/p/Kwikset-Juno-Satin-Nickel-Exterior-Entry-Door-Knob-and-Single-Cylinder-Deadbolt-Combo-Pack-Featuring-SmartKey-Security-99910-034/100597328,
sku-fixed,Doors and trim,"Baseboard, primed MDF 12 ft",each,perimeter lf / 12,,21.0,,1 in. x 4 in. x 16 ft. Radiata Pine Finger Primed Softwood Boards,https://apionline.homedepot.com/p/CMPC-1-in-x-4-in-x-16-ft-Radiata-Pine-Finger-Primed-Softwood-Boards-253266/311548328,,,,,
sku-fixed,Doors and trim,Door casing kit,opening,per door/window opening,,19.48,,7827 5/8 in. x 3 1/2 in. x 96 in. Painted PVC Casing (1-Piece − 8 Total Linear Feet),https://apionline.homedepot.com/p/Royal-Mouldings-7827-5-8-in-x-3-1-2-in-x-96-in-Painted-PVC-Casing-1-Piece-8-Total-Linear-Feet-6064558/204342947,,,,,
sku-fixed,Doors and trim,Quarter round 12 ft,each,perimeter lf / 12,,14.98,,White 0.62 in. T x 0.75 in. W x 94.5 in. L Quarter Round Molding,https://apionline.homedepot.com/p/PERFORMANCE-ACCESSORIES-White-0-62-in-T-x-0-75-in-W-x-94-5-in-L-Quarter-Round-Molding-MQND-WHITE/316732234,,,,,
sku-fixed,Doors and trim,Closet organizer kit,closet,per closet,,129.0,,Selectives Wood Laminate Closet Systems,https://apionline.homedepot.com/p/ClosetMaid-Selectives-Wood-Laminate-Closet-Systems/314849269,,,,,
sku-graded,HVAC,Heat pump split system,system,1 per house (size to sqft),3329.0,3329.0,3329.0,DIY 5th Gen 24000 BTU 22.7 Seer2 2-Ton Mini-Split Heat Pump Complete System-25 ft. Pre-Charged Line Set-230-Volt-R454B,https://apionline.homedepot.com/p/MRCOOL-DIY-5th-Gen-24000-BTU-22-7-Seer2-2-Ton-Mini-Split-Heat-Pump-Complete-System-25-ft-Pre-Charged-Line-Set-230-Volt-R454B-DIY-24-HP-WM-230D25-O-CMB/335524456,DIY 5th Gen 24000 BTU 22.7 Seer2 2-Ton Mini-Split Heat Pump Complete System-25 ft. Pre-Charged Line Set-230-Volt-R454B,https://apionline.homedepot.com/p/MRCOOL-DIY-5th-Gen-24000-BTU-22-7-Seer2-2-Ton-Mini-Split-Heat-Pump-Complete-System-25-ft-Pre-Charged-Line-Set-230-Volt-R454B-DIY-24-HP-WM-230D25-O-CMB/335524456,DIY 5th Gen 24000 BTU 22.7 Seer2 2-Ton Mini-Split Heat Pump Complete System-25 ft. Pre-Charged Line Set-230-Volt-R454B,https://apionline.homedepot.com/p/MRCOOL-DIY-5th-Gen-24000-BTU-22-7-Seer2-2-Ton-Mini-Split-Heat-Pump-Complete-System-25-ft-Pre-Charged-Line-Set-230-Volt-R454B-DIY-24-HP-WM-230D25-O-CMB/335524456,"Boxed price excludes heat strips, line set, thermostat: add the scope kit allowance"
sku-fixed,HVAC,Mini split 12k BTU,each,additions/bonus rooms,,1438.0,,"Diamante Pro Low-Ambient 1-Zone 24,000 BTU 21 SEER2 Ductless Mini Split Inverter Heat Pump with 16 ft. Lines 208V/230V",https://apionline.homedepot.com/p/Pioneer-Diamante-Pro-Low-Ambient-1-Zone-24-000-BTU-21-SEER2-Ductless-Mini-Split-Inverter-Heat-Pump-with-16-ft-Lines-208V-230V-WYT024GLSI20RL/336913531,,,,,
sku-fixed,HVAC,Programmable thermostat,each,1 per system,,109.99,,"T5 7-Day Smart Wi-Fi Thermostat with Geofence Technology and Auto Changeover, Energy Star Certified",https://apionline.homedepot.com/p/T5-7-Day-Smart-Wi-Fi-Thermostat-with-Geofence-Technology-and-Auto-Changeover-Energy-Star-Certified-RTH8800WF2022/322082212,,,,,
sku-graded,Plumbing,Water heater 50 gal electric,each,1 per house,529.0,649.0,729.0,Performance 50 Gal. Tall 4500-Watt Double Element Electric Water Heater with  6-Year Warranty,https://apionline.homedepot.com/p/Rheem-Performance-50-Gal-Tall-4500-Watt-Double-Element-Electric-Water-Heater-with-6-Year-Warranty-XE50T06ST45U1/326590448,Performance 38 Gal. Short 4500-Watt Double Element Electric Water Heater with 6-Year Warranty,https://apionline.homedepot.com/p/Rheem-Performance-38-Gal-Short-4500-Watt-Double-Element-Electric-Water-Heater-with-6-Year-Warranty-XE38S06ST45U1/326590457,"Performance 50 Gal. Tall 38,000 BTU Natural Gas Water Heater with 6-Year Warranty",https://apionline.homedepot.com/p/Rheem-Performance-50-Gal-Tall-38-000-BTU-Natural-Gas-Water-Heater-with-6-Year-Warranty-XG50T06EC38U1/326590285,
sku-fixed,Plumbing,Water heater 40 gal gas,each,where gas is the service,,649.0,,Performance 50 Gal. Tall 4500-Watt Double Element Electric Water Heater with  6-Year Warranty,https://apionline.homedepot.com/p/Rheem-Performance-50-Gal-Tall-4500-Watt-Double-Element-Electric-Water-Heater-with-6-Year-Warranty-XE50T06ST45U1/326590448,,,,,
sku-fixed,Plumbing,PEX 1/2 in x 100 ft,roll,3-5 rolls per repipe,,33.3,,1/2 in. x 100 ft. Blue PEX-B Pipe,https://apionline.homedepot.com/p/Apollo-1-2-in-x-100-ft-Blue-PEX-B-Pipe-APPB10012/301541189,,,,,
sku-fixed,Plumbing,PEX 3/4 in x 100 ft,roll,1-2 rolls per repipe,,57.65,,1/2 in. Stainless Steel PEX-B Barb Pinch Clamp Jar (100-Pack),https://apionline.homedepot.com/p/Apollo-1-2-in-Stainless-Steel-PEX-B-Barb-Pinch-Clamp-Jar-100-Pack-PXPC12100JR/301921339,,,,,
sku-fixed,Electrical,200A main breaker load center,each,per panel swap,,240.21,,200 Amp Enclosed 2-Pole Outdoor Circuit Breaker,https://apionline.homedepot.com/p/Eaton-200-Amp-Enclosed-2-Pole-Outdoor-Circuit-Breaker-ECCVH200R/205936221,,,,,
sku-fixed,Electrical,Romex 12/2 x 250 ft,roll,2-3 per rewire,,185.78,,250 ft. 12/2 Solid Romex SIMpull CU NM-B W/G Wire and 1/2 in. Romex Metal Staples Combo (500-Pack),https://apionline.homedepot.com/p/sets/Southwire-250-ft-12-2-Solid-Romex-SIMpull-CU-NM-B-W-G-Wire-and-1-2-in-Romex-Metal-Staples-Combo-500-Pack/344238455,,,,,
sku-fixed,Electrical,Romex 14/2 x 250 ft,roll,2-4 per rewire,,165.0,,250 ft. 14/3 Light Blue Solid CerroMax SLiPWire Copper NM -B Wire,https://apionline.homedepot.com/p/Cerrowire-250-ft-14-3-Light-Blue-Solid-CerroMax-SLiPWire-Copper-NM-B-Wire-147-14043G/325078833,,,,,
sku-fixed,Electrical,GFCI outlet 20A,each,kitchen/bath/exterior locations,,26.48,,"20 Amp 125-Volt Duplex SmarTest Self-Test SmartlockPro Tamper Resistant GFCI Outlet, White GFTR2-KW",https://apionline.homedepot.com/p/Leviton-20-Amp-125-Volt-Duplex-SmarTest-Self-Test-SmartlockPro-Tamper-Resistant-GFCI-Outlet-White-GFTR2-KW-R92-GFTR2-0KW/205999867,,,,,
sku-fixed,Electrical,Duplex outlets (10 pack),pack,1-2 per house,,23.48,,"20 Amp Self-Test SmartlockPro Slim Duplex GFCI Outlet, White",https://apionline.homedepot.com/p/Leviton-20-Amp-Self-Test-SmartlockPro-Slim-Duplex-GFCI-Outlet-White-R12-GFNT2-0RW/205996739,,,,,
sku-fixed,Electrical,Switches (10 pack),pack,1 per house,,14.7,,"Claro On/Off Switch with Wallplate, 15-Amp/Single-Pole, White (CA-1PSW-WH)",https://apionline.homedepot.com/p/sets/Lutron-Claro-On-Off-Switch-with-Wallplate-15-Amp-Single-Pole-White-CA-1PSW-WH-CA-1PSW-WH/339311370,,,,,
sku-fixed,Electrical,Smoke detector (10 yr),each,per bedroom + 1 per floor,,64.97,,"Hardwired Smoke and Carbon Monoxide Detector with AA Backup Battery and Interconnect Capability, 30CUAR",https://apionline.homedepot.com/p/Kidde-Hardwired-Smoke-and-Carbon-Monoxide-Detector-with-AA-Backup-Battery-and-Interconnect-Capability-30CUAR-21031529/328175571,,,,,
sku-fixed,Electrical,CO detector,each,1 per floor (fuel appliances),,69.97,,"Hardwired Smoke and Carbon Monoxide Detector with 10-Year Battery Backup and Interconnect Capability, 30CUA10",https://apionline.homedepot.com/p/Kidde-Hardwired-Smoke-and-Carbon-Monoxide-Detector-with-10-Year-Battery-Backup-and-Interconnect-Capability-30CUA10-21031544/328175573,,,,,
sku-graded,Electrical,LED flush mount light,each,per room without fan,49.97,79.97,99.0,1-Pack 1 ft. x 4 ft. 4000 Lumens Dimmable Integrated LED Flat Panel Ceiling Flush Mount Fixture with Selectable 5CCT,https://apionline.homedepot.com/p/Commercial-Electric-1-Pack-1-ft-x-4-ft-4000-Lumens-Dimmable-Integrated-LED-Flat-Panel-Ceiling-Flush-Mount-Fixture-with-Selectable-5CCT-FP1X4-6WY-WH-HDT/320358738,Clarkston II 44 in. LED Indoor Oil Rubbed Bronze Ceiling Fan with Light Kit,https://apionline.homedepot.com/p/Hampton-Bay-Clarkston-II-44-in-LED-Indoor-Oil-Rubbed-Bronze-Ceiling-Fan-with-Light-Kit-SW18030-ORB/307738183,Benning 52 in. Indoor Matte Black Downrod Mount Ceiling Fan with Adjustable White Light LED and Remote Control Included,https://apionline.homedepot.com/p/Hampton-Bay-Benning-52-in-Indoor-Matte-Black-Downrod-Mount-Ceiling-Fan-with-Adjustable-White-Light-LED-and-Remote-Control-Included-85251/334894519,
sku-graded,Electrical,Ceiling fan 52 in,each,bedrooms + living,99.0,139.0,169.0,52 in. Corwin Indoor/Outdoor Matte Black LED Ceiling Fan with Light Kit,https://apionline.homedepot.com/p/Hampton-Bay-52-in-Corwin-Indoor-Outdoor-Matte-Black-LED-Ceiling-Fan-with-Light-Kit-56051/319830773,Benning 52 in. Indoor Matte Black Downrod Mount Ceiling Fan with Adjustable White Light LED and Remote Control Included,https://apionline.homedepot.com/p/Hampton-Bay-Benning-52-in-Indoor-Matte-Black-Downrod-Mount-Ceiling-Fan-with-Adjustable-White-Light-LED-and-Remote-Control-Included-85251/334894519,Merwry 52 in. Integrated LED Indoor Matte Black Ceiling Fan with Light Kit and Remote Control,https://apionline.homedepot.com/p/Home-Decorators-Collection-Merwry-52-in-Integrated-LED-Indoor-Matte-Black-Ceiling-Fan-with-Light-Kit-and-Remote-Control-SW1422MBK/301231214,
sku-graded,Electrical,Vanity light,each,per bath,56.97,79.97,115.35,Woodbury 24 in. 1-Light Brushed Nickel LED Vanity Light with Extra Matte Black Trim 2700K-5000K,https://apionline.homedepot.com/p/Hampton-Bay-Woodbury-24-in-1-Light-Brushed-Nickel-LED-Vanity-Light-with-Extra-Matte-Black-Trim-2700K-5000K-C06023301A/334246488,Ashhurst 3-Light Brushed Nickel Classic Traditional Bathroom Vanity Light with Frosted Glass Shades,https://apionline.homedepot.com/p/Hampton-Bay-Ashhurst-3-Light-Brushed-Nickel-Classic-Traditional-Bathroom-Vanity-Light-with-Frosted-Glass-Shades-EGM1393A-5-BN/203789012,Merrin 23.1 in. 3-Light Black Golden Bathroom Vanity Light with Crystal Shades,https://apionline.homedepot.com/p/ExBrite-Merrin-23-1-in-3-Light-Black-Golden-Bathroom-Vanity-Light-with-Crystal-Shades-THD11VL1301ACGXE26/322270411,
sku-fixed,Landscape,Mulch 2 cu ft,bag,~15-25 bags per front bed refresh,,3.97,,Earthgro 1.5 cu. ft. Black Wood Shredded Bagged Mulch,https://apionline.homedepot.com/p/Earthgro-Earthgro-1-5-cu-ft-Black-Wood-Shredded-Bagged-Mulch-88559180/311613376,,,,,
allowance,Demo and site,"Dumpster pull, 30 yd",,,,475,,,,,,,,"Per pull; 1 per ~1,500 sqft of demo/clutter"
allowance,Structure,WDO/termite inspection,,,,150,,,,,,,,Every project inside the inspection period
allowance,Structure,Termite treatment,,,,1200,,,,,,,,When the WDO comes back active
allowance,Structure,Framing repair allowance,,,,1500,,,,,,,,Sill/joist discovery; scoped per walk
allowance,Kitchen,Fabricated quartz countertop,,,,70,,,,,,,,"Per sqft, special-order quote; HD lists only samples online"
allowance,Siding and exterior,Seamless gutter sub-out,,,,9,,,,,,,,Per lf installed; alternative to sectional
allowance,HVAC,Heat pump scope kit,,,,600,,,,,,,,"Heat strips, line set, thermostat per system"
allowance,Plumbing,"PEX fittings, valves, manifold",,,,400,,,,,,,,Per repipe
allowance,Electrical,Breaker set,,,,300,,,,,,,,Per panel swap
allowance,Electrical,"Misc devices, plates, low-volt",,,,150,,,,,,,,Per house
allowance,Flooring,Carpet (exception only),,,,2.5,,,,,,,,"Per sqft installed, quoted; house standard is LVP"
allowance,Landscape,Landscaping and curb,,,,1000,,,,,,,,Baseline; scoped per walk
